{
  "parts": [
    {
      "duration": 2.0,
      "background": {
        "type": 2,
        "videoFile": "mv/beijing/beijing",
        "videoAlphaType": 0,
        "imageName": "",
        "imageCount": 0,
        "imageDuration": 0.0,
        "aspectMode": 0,
        "blendMode": 0
      },
      "cameraFrame": {
        "easeCurve": 0
      },
      "cover": {
        "imageFile": "",
        "aspectMode": 0,
        "blendMode": 0
      },
      "foreground": {
        "videoFile": "",
        "videoAlphaType": 1,
        "imageName": "",
        "imageCount": 0,
        "imageDuration": 0.0,
        "aspectMode": 0,
        "blendMode": 0
      },
      "filterEffect": {
        "type": 0,
        "filter": "",
        "lutFile": ""
      },
      "finishTransition": {
        "triggerType": 0,
        "duration": 0.0,
        "easeCurve": 0,
        "transitionFunction": 0,
        "maskVideoFile": "",
        "maskVideoAlphaType": 0,
        "maskImageName": "",
        "maskImageCount": 0,
        "maskImageDuration": 0.0,
        "maskType": 0,
        "blurRadius": 0.0
      }
    }
  ]
}