{
  "minAppVersion": 491,
  "maxFaceCount": 10,
  "itemList": [
    {
      "id": "yanjing",
      "type": 2,
      "triggerType": 2,
      "alwaysTriggered": 1,
      "playCount": 0,
      "frameDuration": 83,
      "frames": 1,
      "width": 489,
      "height": 251,
      "position": [
        0.0,
        0.0
      ],
      "anchorPoint": [
        -26,
        135
      ],
      "alignFacePoints": [
        0
      ],
      "scalePivots": [
        0,
        18
      ],
      "scaleFactor": 480
    },
    {
      "id": "toudingcao",
      "type": 2,
      "triggerType": 2,
      "alwaysTriggered": 1,
      "playCount": 0,
      "frameDuration": 83,
      "frames": 60,
      "width": 256,
      "height": 222,
      "position": [
        0.0,
        0.0
      ],
      "anchorPoint": [
        -89,
        340
      ],
      "alignFacePoints": [
        0
      ],
      "scalePivots": [
        0,
        18
      ],
      "scaleFactor": 480
    }
  ],
  "SegmentRequired": 1,
  "mvTemplateFile": "mv.wmc"
}